"Names","Last Name","ipv4","language name","password","address"
"William Hernandez","Roman","212.136.196.55","Sardinian","m4&L9reh%u","932 Gamble Corners Apt. 043
South Iantown, OH 66280"
"Mark West","Doyle","36.108.17.230","Afrikaans","v@9j1Oflhn","98552 Manning Ville
East Erin, MI 96797"
"Brandon Myers","Skinner","142.136.46.204","Malay","^w2JYlpKs6","4816 Allison Tunnel
South Jose, NM 46107"
"Katelyn Matthews","Berry","160.148.27.9","Telugu","5v7XwCVA&L","2836 Philip Squares
Wallaceport, OH 08768"
"Brittany Long","Stone","149.95.251.87","North Ndebele","j6L9Xur!(d","PSC 9357, Box 5509
APO AP 64463"
"Cody Scott","Williams","82.50.113.88","Inupiaq","m797hEcV+Q","Unit 9029 Box 4144
DPO AA 73735"
"Jacob Watson","Lee","139.136.39.190","Cornish",")%BF^f1d7Y","495 Sims Trafficway Suite 080
Garciabury, CA 56847"
"Mr. Robert Martinez","Romero","89.79.214.99","Polish","86%tPib)&2","3065 Robert Common
Davisview, AZ 89851"
"Brittany Burns","Gonzalez","24.117.126.180","Nepali","N4IZiarj$7","4480 Howell Pike Suite 511
Adamville, MS 32927"
"Heather Johnson","Strong","128.97.226.178","Swahili","a1LGRgT7%W","747 West Lodge
Jeremyville, SD 47233"
"Adam Ho","Perez","89.244.185.236","Gaelic","r)_7WYu$BE","Unit 4404 Box 7498
DPO AA 89583"
"Michelle Smith","Pham","119.0.42.185","Romansh","+ThoD6Sn!!","02628 Thomas Locks
Garciaview, KY 94281"
"Kelly Baker","Durham","151.185.197.222","Nauru","@(aj4M5fa9","591 Harris Locks Apt. 730
Garnerhaven, CA 91988"
"Dr. Alexa Pitts DVM","Paul","28.208.202.197","Quechua","K4V@uIUv%l","74665 Amber Shoal
East Willieside, MO 77338"
"John Wilson","Ryan","34.130.66.123","Nepali","^8Fr$xtiil","043 Brittany Hills Apt. 353
New Gabrielle, VT 66182"
"Patrick Jones","Peterson","149.254.240.53","Marathi","2nL9Q0Tl(@","21660 Wood Mountains
Garciafort, CT 63180"
"Alyssa Anderson","Hunter","11.73.66.44","Arabic","q5DW4jj*#5","640 Debra Light Suite 232
Port Jeffborough, ME 63280"
"Mary Clark","Austin","139.85.194.106","Bulgarian","k+20^gws@F","460 Owens Inlet Apt. 423
Zacharymouth, NH 75302"
"Angela Davis","Phillips","214.118.43.169","Marshallese","3Jm9Q6uw#5","PSC 0017, Box 1201
APO AA 33482"
"Linda Miller","Campbell","66.203.106.0","Latin","%HJ6VzDc8@","48419 Kelly Gateway Apt. 858
Tinaville, GA 71549"
"Raymond Robles","Wilkins","162.119.207.202","Cree","!Yiz9s*z#9","3351 Kayla Plaza Suite 420
East Allison, WY 85232"
"Jeffrey Willis","Avila","190.140.1.121","Tagalog","WkzwHNWn!3","98228 Nathan Mountains Suite 992
Sarahshire, AR 92752"
"Kaylee Adams","Copeland","59.147.87.218","Finnish","fh(xVG3c)5","481 James Pine Apt. 583
New Paul, TN 31778"
"Cheryl Wade","Moyer","57.33.154.147","Italian","Lp7_h9Coq(","7944 Wilson Bypass Suite 337
East Sarahtown, KS 37669"
"Brittany Smith","Hill","8.50.66.195","Macedonian","ml35Ji4D!k","79860 Donald Terrace Suite 647
New Davidfort, DE 53244"
"Patricia Johnson","Richardson","84.34.105.170","Turkish","4W7PfaQoP!","2327 Brown Trail Suite 908
Robertchester, IA 86234"
"Wendy Thompson","Reeves","166.149.166.43","Haitian","jQ#9Zd$tOX","1958 George Lodge
South Victoriashire, OH 03306"
"Connie Taylor","Bell","88.151.139.118","Sango","b(Ys%3OpA%","85783 Philip Trail
North Bruce, SD 57590"
"Daniel Boyd","Aguirre","59.68.21.214","Amharic","5J45Bo#+h+","52037 Rodriguez Estate Suite 500
North Amandaton, SC 94265"
"Chad Walker","Garcia","103.118.207.17","Sango","Y@7FLh$4@r","USNV Edwards
FPO AP 50035"
"Melissa Carroll","Church","132.12.171.225","Interlingua",")%7VqRjprP","91374 Lee Junction Suite 248
North Bradleychester, CT 01444"
"Jacqueline Galloway","Adkins","179.15.4.181","Sardinian","#!9Kd2j1bL","934 Michael Stravenue Apt. 351
Cherylburgh, ND 81832"
"Justin Matthews","Lucas","36.19.68.173","Chechen","!DXTSvk4L3","PSC 1373, Box 1841
APO AE 17990"
"Samuel Norris","Sharp","194.71.196.82","Bambara","jc)8CLIz^c","89458 Autumn Heights
Toniport, VA 03154"
"Brian Hanna","Jones","56.19.53.192","Norwegian","&4%)9WZd!S","331 Allison Points
Port Jessicaview, VA 94603"
"Joseph Barron","Faulkner","202.7.27.121","Bosnian","+%YyUuIj@0","PSC 5700, Box 3019
APO AE 69082"
"Chelsea Marsh","Yates","51.174.125.14","Avestan","!aHLf#Kw#8","68417 Aaron Rest Suite 845
Prestonport, AL 56864"
"Kathryn Smith","Gardner","100.247.253.177","Wolof","%1jI%u&wzY","9573 Patton Manor Apt. 367
Lake Mikechester, WV 95621"
"Taylor Reynolds","Foster","121.193.146.253","Rundi","t0J3iP&4@(","2067 Daniel Ports
Anthonytown, IN 65764"
"Joel Martinez","Manning","185.7.71.16","Tsonga","B*5pFxXrb2","675 Evelyn Knoll
Bakerstad, MA 97995"
"Mathew Brady","Webb","139.175.213.113","Kikuyu","1qEM3Xjv)j","9578 Frank Parkways Suite 535
Lake David, MT 41544"
"Mr. Michael Hill","Nguyen","212.196.214.182","Basque","g0qdl7VL@g","38851 Bowen Ford Suite 948
Janicestad, KY 10957"
"Mindy Garcia","Ball","155.65.55.208","Afar","*EUcLh1Q%8","3392 Crawford Ridge Apt. 428
Knightside, MA 06652"
"Kevin Flores","Brown","23.221.112.141","Ojibwa","D!D15Lzaq$","2121 Amanda Shores Suite 568
Port Nicole, LA 16214"
"Omar Cooper","Young","121.171.56.193","Faroese","++6%2GfrYF","6742 David Summit Suite 602
Matthewmouth, TX 31333"
"Jennifer Ramirez","Mcintosh","178.205.58.206","Interlingua","^*a9NVohJn","PSC 7742, Box 0884
APO AA 50229"
"Benjamin Johnson","Weaver","16.77.54.210","Manx","VO_J3tXoi(","1429 Darlene Port
Port Joy, MN 17095"
"Ian Lambert","Young","68.177.21.27","Guarani","*R*+RjB18g","227 Hanson Shoals
Johnsonfurt, PA 32496"
"Brian Collins","Martinez","54.185.195.62","Haitian","U4VYyt00^K","758 Alexander River Apt. 922
Port Andrea, DE 54204"
"Jennifer Mejia","Jacobson","95.108.46.193","Somali","d_v8OdCn9V","39355 Johnson Summit
Kennethport, OK 67997"
"Julie Scott","Duke","222.70.75.35","Korean","$)9NO6v6Hj","6324 Olson Spring Apt. 008
Lauramouth, PA 60657"
"Randall Mcclure","Greene","39.4.122.110","Latin","#f3RWCBaZ%","PSC 9083, Box 5304
APO AE 97193"
"William Johnson","Sanchez","177.43.75.15","Sango","_j4_S*kh)1","58967 Thompson Ridge Apt. 065
West Johnhaven, CO 16498"
"Amanda Walters","Huffman","178.150.234.227","Serbian","_%5d(&It!Q","060 Green Extension
Owensmouth, MT 65847"
"Cassandra Jenkins","Gonzalez","114.1.217.192","Swati","jM8!aLiVX+","78111 Burns Ranch
North Tommyland, NM 72499"
"Cynthia Lopez","Rodriguez","62.253.68.144","Romansh","r8j&hOoL_P","82297 Michael Hills Apt. 958
South Patriciafurt, OK 89107"
"Rachel Ferguson","Odonnell","196.8.228.247","Turkmen","Q@7AHVEz$!","66250 Steven Street Apt. 288
Riveraton, NH 89973"
"Jason Jackson","Bradford","149.198.63.72","Tamil","h3)0Xt#0c0","94215 Andrew Flat
Ruthstad, CT 48346"
"Kayla Black","Stevenson","95.212.58.172","Burmese","f+^6HwckJE","61764 Sanders Center
Deniseside, OK 51685"
"Brian David","Garner","149.160.104.23","Romansh","&o)FIJKkD8","USNS Norman
FPO AA 03655"
"Robert Baker","Howell","199.27.166.210","Hindi","OZ1JoevFk!","58657 Catherine Field Suite 666
East Melindahaven, UT 09372"
"Andrea Olson","Smith","190.81.223.35","Chuvash","O+Zhl7mrSD","86062 Rebecca Corners Suite 692
East Elizabeth, WA 90237"
"Linda Lee","Morse","160.187.93.116","Latvian","IO%HU7*i!7","0683 Wallace View Apt. 081
East Ryan, AL 48094"
"David Gallegos","Ray","25.149.107.247","Maori","cbe1TxGt*@","082 Dodson Springs
Kathrynview, SD 43433"
"Gary Russell","Coleman","74.189.19.7","Portuguese","+9AUXY_b3T","24285 Samuel Island
Port Shawntown, CA 62301"
"Brianna Mitchell","Murillo","221.251.9.131","Italian","XPP2EQr$$N","2787 Moore Isle Suite 222
Carrieberg, IL 47483"
"Victor Wright","Terry","4.172.182.31","Romanian","JF8@wSkr%$","83644 Johnathan Loop
Lindashire, NE 86333"
"Benjamin Durham","Richardson","116.45.132.68","Somali","*I)toPra4x","741 Olsen Mountains
Davisfurt, IL 85410"
"Larry Young","Wade","72.159.174.40","Oromo","0gRn6k!U(w","102 Perez Hollow
South Davidtown, WI 29000"
"Tina Austin","Boyd","83.221.47.159","Breton","(h3Jc@qTq(","233 Marc Shoals
South Michaelmouth, MO 19948"
"William Flynn","Jones","162.127.215.63","Bosnian","p1GUq0DS&h","5324 Colton Lights Suite 299
East Rachel, IA 78436"
"Michael Brown","Hughes","95.242.91.188","Serbian","RR56NCai(u","10560 Sue Highway
Johnsonfurt, WY 67632"
"Kimberly Morse","Franklin","157.242.235.11","Italian","ncd^6Ui%o!","62223 Huber Square Suite 025
East Christinamouth, ID 80305"
"Joann Smith","George","70.17.32.100","Irish","l1KKDmBu%p","34251 Rhodes Camp
Smithburgh, DE 91684"
"Paul Turner","Rangel","47.160.119.157","Macedonian","+9xPXx^cv*","75360 King Isle Suite 114
Kellytown, CT 56344"
"Joshua Salinas","Sullivan","181.17.218.60","Zulu","(91tuUpiJ8","98594 Anthony Loaf Apt. 268
Robertfurt, MI 29036"
"Kendra Jones","Stewart","189.252.2.28","Portuguese","&5D3XVccLR","832 Townsend Circles
South Timothy, MT 86649"
"Michael Williams","James","82.221.25.114","Aymara","KM_0ZRJwPR","962 King Forks
North Suzanne, VT 98301"
"Alexis Anderson","Anderson","114.52.235.113","Basque","%t8xBFo^7^","61116 Moore Mount Suite 840
Steventon, WA 57968"
"David Burns","Gibson","29.225.160.187","Tigrinya","&%!VxCYv05","2971 Wright Overpass Suite 322
East Luishaven, WI 38428"
"Kathryn Sanchez","Holmes","16.176.90.229","North Ndebele","u)4DCUPDot","878 Gibbs Manors Apt. 354
North Johnshire, OH 01460"
"Katie Barber","Rose","166.139.70.76","Luba-Katanga","h$4xY84uef","2614 Michael Lights Apt. 988
Lake Zacharyfurt, NM 17299"
"Shelly Stewart","Goodman","100.131.185.65","Sardinian","fBYIqJBe^5","3757 Bush Pike Suite 332
Flemingchester, AK 20872"
"Jacob Lawson","Keith","116.110.201.195","Cree","PzbBrGzY)2","869 David Plains Suite 465
Wellsland, ND 58446"
"Kenneth Norris","Orr","10.82.144.134","Zulu","i*%9O0gwHL","0685 Melissa Pines Apt. 586
North Toniborough, AK 40090"
"Leslie Michael","Hunt","50.146.204.221","Urdu","(zM%0GNy6c","477 Gonzalez Parks
Liuborough, WA 58253"
"Kara Rivera","Rogers","150.43.15.18","Cree","P43cIbKj^B","1134 Bethany Harbor Suite 061
Adamsside, MS 89798"
"Ronald Wagner","Thomas","80.179.56.69","Sanskrit",")*m5oGx3Ym","Unit 6476 Box 7848
DPO AE 66040"
"Lisa Bond","Flores","139.166.127.215","Fijian","&8F7h(hS59","891 Drake Station
South Kimberly, KY 33194"
"Kimberly Davis","Horn","123.4.181.105","Herero","k%37U+$bam","08913 Fuller Shoals
New Scottfurt, MT 57506"
"Joshua Cooper","Benson","105.213.252.108","Spanish","t@9XZVpcBH","53484 Johnson View
Jacksonchester, RI 37785"
"Jonathan Tucker","Taylor","139.229.200.251","Galician","Mlf24Eo$z#","5709 Barrett Parks
New Meredithchester, MO 96632"
"Laura Jones","Lamb","67.212.124.180","Shona","Sg8eJnP#*@","Unit 3353 Box 1700
DPO AP 90049"
"Nicholas Obrien","Larson","207.23.73.0","Tagalog","$nRKiD4h87","89339 Robert Prairie Apt. 355
Catherinetown, ID 43182"
"Dalton Watson","Floyd","9.152.134.28","Abkhazian","E#4$sa@vHD","2796 Williams Plaza Suite 318
West James, AR 28511"
"Jason Moore","Valdez","214.126.72.138","Aragonese","Yx9FKNhI+B","1547 Cox Park
Josephside, WY 58945"
"Lydia Brown","Miller","56.236.44.120","Georgian","3#ZQbD2#*y","62670 Mccullough Crossing Suite 289
Lake Mikaylafort, WV 83539"
"Melissa Moran","Simpson","206.143.248.198","Javanese","1$q04XOh0)","770 Hamilton Via
Ericafurt, OK 53062"
"Rodney Hurley","Brock","20.11.83.43","Bulgarian","3E4O*kXw*+","81735 Williams Lakes
Thomashaven, SC 75609"
"Steven Melton","Chavez","177.137.190.146","Oromo","_tPDXpQb!9","662 Reginald Drive Suite 872
Lake Erikville, UT 10786"
