"Names","Last Name","ipv4","language name","password"
"Hayley Carpenter","Oconnor","197.144.76.232","Yiddish","@4J4xMrMv&"
"Christopher Pena","Martinez","156.44.98.29","Xhosa","v39BoCZd$O"
"Shannon Mason","Dougherty","89.234.20.40","Oromo","l13Umi0)p_"
"Rebecca Serrano","Carter","77.124.225.245","Sinhala","h21!2MviW@"
"Justin Lawrence","Martinez","157.136.148.170","Hausa","+&BiDqxE60"
"Travis Hall","Daniels","126.245.153.106","Greek","_B%OQpgt8t"
"Allen Ellison","Morris","45.227.140.129","Kanuri","Q%r87YRlgM"
"Jeremy Mitchell","Velazquez","184.176.214.47","Greek","1)0b^HNrt+"
"Brandy Manning","Cooper","120.212.196.4","Bihari languages","qXGLu7J5_7"
"Renee Ward","Lewis","197.65.4.11","Kalaallisut","6fYKWOm@)1"
"Christopher Hernandez","Giles","169.130.146.4","Kalaallisut","6c1Z1Msm*B"
"Alexander Newton","Watson","11.24.44.196","Indonesian","l*36ECYq@%"
"Latasha Wolfe","Tran","155.176.136.125","Lingala","ddt_6KvlL&"
"Jamie Martin","Lopez","71.245.171.2","Irish","ht7QMS!Xw&"
"Jerry Jones","Gomez","190.188.83.34","Hebrew","FlTV2XbR_p"
"Teresa Ryan","Thompson","50.105.4.212","Ndonga","^7^wN%&x_h"
"Victor Browning","Larson","154.156.139.111","Kazakh","*g89PvefNo"
"Sarah Webster","Johns","220.157.64.55","Malayalam","(7dLDCvEoO"
"Alison Schwartz","Turner","175.237.249.48","Kikuyu","r$r5Sfn5ed"
"Jennifer Hays MD","Black","13.194.172.48","Lingala","X@5UkxCwV9"
"Carmen Gray","Browning","201.106.26.177","Venda","P#8eSg&109"
"Keith Skinner","Rogers","133.171.91.255","Zulu","fy%3@)Nftl"
"Curtis Anderson","Mcdonald","58.17.88.41","Tonga","#hVG4SAiKe"
"Michelle Rodriguez","Schmidt","191.154.29.134","Pushto","$i$u7sRn+@"
"Tiffany Wu","Brewer","2.62.185.219","Oromo","vZ+6UzShKZ"
"Annette Riley","Burnett","116.223.124.19","Tsonga","X7GQiyyt_2"
"Isaiah Kelly","Cooper","107.66.192.28","Navajo","&69FKVtCB9"
"Laurie Tanner","Lewis","120.101.189.170","Hausa","%voV47DgNu"
"Laura Smith","Gutierrez","146.54.182.252","Hindi","%O8SWoZpKm"
"Steven Hicks","Cooper","199.4.11.26","Oriya","^BYjCyVo54"
"Alice Fuller","Chapman","163.166.223.211","Ukrainian","wESL6Rkk*!"
"Vincent Weber","Alexander","180.119.98.11","Tagalog","&apdwG+i19"
"Amanda Johnson","Harris","77.199.179.34","Kanuri","^7)5+JOz!L"
"Jeffrey Mcintyre","Dalton","11.189.183.196","Gaelic","B%5RslENLn"
"Rhonda Patton","Walsh","138.27.171.190","Malayalam","rT!3Rara!U"
"Krista Garcia","Foster","184.29.144.186","Ojibwa","N6OfPjGf%I"
"James Johnson","Petty","221.222.142.64","Quechua","_9P22Ql7G3"
"Lee Davis","Reilly","59.16.34.124","Sichuan Yi","kG2PkB7w*Y"
"Timothy Lawrence","Lang","164.154.170.45","Sindhi","Fvea47RX(@"
"Thomas Gomez","Holt","55.35.3.9","Sichuan Yi","hMpEHJg7@6"
"Harold Ruiz","Wheeler","129.39.221.165","Xhosa","ZN&4DLxiW@"
"Christopher Mclaughlin","Salazar","189.201.147.37","Slovak",")b7Cj@AxQN"
"Michael Johnson","Fuller","213.21.95.253","Corsican","#*!7RMfbX_"
"Amanda Callahan","Gardner","204.90.140.227","Kinyarwanda","+1khWsofB9"
"Evelyn Johnson","Jackson","128.180.190.124","Chuvash","_cs1B8YbA!"
"Jared Wilson","Francis","119.117.138.227","Spanish","XLQ%7@Pe4+"
"Gabriel Bell","Miller","154.0.196.143","Estonian","M2)Gtv2f^5"
"Jennifer Casey","Walker","125.69.87.172","Pali","NRqeq3rgk%"
"Kathryn Johnson","Davis","55.160.131.238","Chamorro","5A98CyMu*k"
"Daniel Adams","Oneal","131.165.240.226","Tahitian","_+hl56epsQ"
"Tyler Dudley","Jennings","158.222.188.171","Fulah","EdTeOLU*&9"
"Kim Nguyen","Black","188.201.53.199","Hindi","qrI1Gqfgr+"
"Rachel Hernandez","Miller","173.208.14.230","Chinese","^8)Bv(oi(U"
"Shelley Watson","Washington","148.179.114.22","Polish","!#mtNehQq7"
"Michelle Wong","Horton","223.14.251.158","Danish","8E4(Mr0#U_"
"Christina Cross","Lyons","126.95.3.124","Marathi","^0Q*Gad9bq"
"Rebecca Davis","Thomas","124.157.202.149","Swedish","DHWa6%AeR*"
"Alicia Williams","Torres","26.15.185.160","Tigrinya","*p8nZEcoVR"
"Kristin Price","Stewart","184.71.2.240","Tonga","EC*4LtNQVh"
"Elizabeth Hobbs","Lucas","139.90.252.48","Slovak","_Necg4Ly%!"
"Cathy Moore","Berry","67.167.224.154","Pali","FKCHYPmy+3"
"Alexander Dorsey","Carpenter","138.79.39.160","Armenian","$8bF1)SpJH"
"Christopher Smith","Stark","202.60.101.216","Malay","V@5SOaJx+h"
"Christy Durham","Randolph","38.111.224.156","Korean","EZar1Tu4T@"
"Danny Lane","Anderson","216.241.96.178","Macedonian","0hxM!CCi_1"
"Stephen Pena","Johnson","187.213.128.44","Marshallese","9R6z^7WmEm"
"Johnathan Martin","Chapman","96.180.221.12","Zhuang","!jQzqlNr&2"
"Pamela Douglas","Lewis","124.167.154.175","Mongolian","+s3AMvP#l8"
"Timothy Taylor","Johnson","128.188.144.37","Zulu","g(9&Fu5IS_"
"Karen Weeks","Strickland","201.144.225.9","Georgian","+Ab(rODy00"
"Eileen Reed","Tucker","131.2.255.193","Avaric","+f3i3Iyt1f"
"Jake Wilson","Jennings","79.89.195.250","Macedonian","s2IE)n)Q&("
"Sharon Nguyen","Calderon","180.51.190.58","Urdu","gszP66Wv^)"
"Justin Baxter","Salas","82.114.68.181","Telugu","th+HMIe3#0"
"Jessica Brown","Ross","71.96.52.120","Telugu","^)aV)v7bR1"
"Nichole Peterson","Peterson","220.104.194.15","Armenian","$!q5%Drqdd"
"Timothy Stafford","Johnson","84.158.72.168","Ewe","IX77%DgjE%"
"Randall Alvarez","Pitts","139.216.96.23","Fulah","E)&02vSjs%"
"Anthony Brock","Johnson","200.245.6.33","Northern Sami","!S8^aBffEO"
"Robert Scott","Martinez","139.193.181.150","Sundanese","%^$U+SlHR9"
"Joanne Anderson","Davis","193.53.237.230","Navajo","I4wF@Ns0$s"
"Erika Gill","Garcia","27.77.144.103","Quechua","O2cOavpv_Y"
"Christopher Perez","Hawkins","204.203.173.194","Vietnamese","+^3MDj6%%2"
"Rebecca Hernandez","Gomez","178.45.181.199","Kanuri","v0AI!pjo&!"
"Brian Richardson","Mathis","101.195.214.82","Herero","S0+Aepn@$o"
"Darlene Brown","Daniels","186.59.182.211","Faroese","+#SoxY$fo4"
"Theresa Shaw","Rowe","6.221.222.45","Malagasy","m)u9Ew7aWN"
"Amber Mcfarland","Doyle","191.18.120.222","Bulgarian","i_4Kv3aSAi"
"Jordan Jones","Jackson","151.105.170.90","Basque","*g&XdU5mJ1"
"Cynthia Ponce","Morales","22.140.144.149","Navajo","*9xQFU3sHN"
"Heidi Rojas","Perez","116.28.20.180","Gaelic","&L3aQplkBa"
"Ronald Moore","Armstrong","183.214.194.124","Interlingue","B+6^LUz2)O"
"Mary Sparks","Carter","103.237.165.233","Western Frisian","X)(4jGPLYx"
"Jessica Bishop","Roth","87.150.108.83","Ossetian","wXI1bRAun("
"Jessica Kemp","Mcdonald","36.139.100.254","Komi","5WDP9wTp%d"
"Anna Martinez","Johnson","114.14.160.141","Finnish","Y)8Yz+nYla"
"Gregory Ramsey","Murphy","190.74.210.156","Bihari languages","+!gC2+KxMV"
"Tina Webster","Little","23.105.52.96","Corsican","i3CqTW#F!p"
"Amanda Sanders","Lopez","128.231.162.192","Tswana","9!M7Jy9Q*_"
"Wendy Cannon","Kline","57.160.0.97","Lingala","*bCTBcMV79"
